caller_component|callee_component|caller_layer|callee_layer
cboEmployee|l_obj|ExternalOrShared|ExternalOrShared
cboEmployee|dbEmployee|ExternalOrShared|DataAccess
cboEmployee|lobjWgMgr|ExternalOrShared|ExternalOrShared
cboEmployee|AMBIG::CompanyCode|ExternalOrShared|ExternalOrShared
cboEmployee|l_dbEffectiveDateRules|ExternalOrShared|ExternalOrShared
cboEmployee|l_dbRules|ExternalOrShared|ExternalOrShared
cboEmployee|AMBIG::IsCoffeenOperations|ExternalOrShared|ExternalOrShared
cboEmployee|CreateObject|ExternalOrShared|ExternalOrShared
cboEmployee|AMBIG::IsStringInList|ExternalOrShared|ExternalOrShared
cboEmployee|AMBIG::IsSubstationOrTransmissionEmployee|ExternalOrShared|ExternalOrShared
cboEmployee|dbWorkGroup|ExternalOrShared|DataAccess
cboEmployeeProxy|l_objcboEmployee|ExternalOrShared|ExternalOrShared
cbsCodeTablesProxy|l_objcbsCodeTables|ServiceClass|ExternalOrShared
cbsCodeTablesTransProxy|l_objcbsCodeTablesTrans|ServiceClass|ExternalOrShared
cbsColPdProxy|l_objcbsCollectionPeriod|ServiceClass|ExternalOrShared
cbsDepartmentProxy|l_objcbsDepartment|ServiceClass|ExternalOrShared
cbsDistMgrProxy|l_objcbsDistributionMgr|ServiceClass|ExternalOrShared
cbsEmployeeProxy|l_objcbsEmployee|ServiceClass|ExternalOrShared
cbsEmployeeTransProxy|l_objcbsEmployeeTrans|ServiceClass|ExternalOrShared
cbsRotProxy|l_objcbsSchedRotation|ServiceClass|ExternalOrShared
cbsRotTransProxy|l_objcbsSchedRotationTrans|ServiceClass|ExternalOrShared
cbsScheduleProxy|l_objcbsSchedule|ServiceClass|ExternalOrShared
cbsSysAdminProxy|l_objcbsSysAdmin|ServiceClass|ExternalOrShared
cbsWorkGrpProxy|l_objcbsWorkGroup|ServiceClass|ExternalOrShared
cbsWorkGrpTransProxy|l_objcbsWorkGroupTrans|ServiceClass|ExternalOrShared
cdCodeTablesProxy|l_objcdCodeTables|ServiceClass|ExternalOrShared
cdCodeTablesTransProxy|l_objcdCodeTablesTrans|ServiceClass|ExternalOrShared
cdColPdProxy|l_objcdCollectionPeriod|ServiceClass|ExternalOrShared
cdDepartmentProxy|l_objcdDepartment|ServiceClass|ExternalOrShared
cdEffectiveDateRulesProxy|l_objcdEffectiveDateRules|ServiceClass|ExternalOrShared
cdRulesProxy|l_objcdRules|ServiceClass|ExternalOrShared
cdWorkGroupTransProxy|l_objcdWorkGroupTrans|ServiceClass|ExternalOrShared
cdWorkGrpProxy|l_objcdWorkGroup|ServiceClass|ExternalOrShared
cuSPMCacheProxy|l_objcuSPMCache|ServiceClass|ExternalOrShared
cbsAccrualBankMgr|l_cbsEmployee|ServiceClass|ExternalOrShared
cbsAccrualBankMgr|l_cdEmployee|ServiceClass|ExternalOrShared
cbsAccrualBankMgr|l_obj|ServiceClass|ExternalOrShared
cbsAccrualBankMgr|l_dbAccrual|ServiceClass|ExternalOrShared
cbsRequestFirstAppr|lobjdb|ServiceClass|ExternalOrShared
cbsRequestFirstAppr|objTime|ServiceClass|ExternalOrShared
cbsRequestFirstAppr|objAdj|ServiceClass|ExternalOrShared
cbsRequestFirstAppr|lobjDataAccess|ServiceClass|ExternalOrShared
cbsRequestFirstAppr|l_objAdjustments|ServiceClass|ExternalOrShared
cbsRequestFirstAppr|objOtherPay|ServiceClass|ExternalOrShared
cbsRequestFirstAppr|objAutomatedAdjustments|ServiceClass|ExternalOrShared
cbsRequestFirstApprTran|lobjCodeTable|ServiceClass|ExternalOrShared
cbsRequestFirstApprTran|lobjEmployee|ServiceClass|ExternalOrShared
cbsRequestFirstApprTran|GetObjectContext|ServiceClass|ExternalOrShared
cbsRequestFirstApprTran|lobjDataAccess|ServiceClass|ExternalOrShared
cbsRequestFirstApprTran|stdmTRISCommon|ServiceClass|ExternalOrShared
cbsCallLog|l_cdCallLog|ServiceClass|ExternalOrShared
cbsCascade|mbusCascade|ServiceClass|ExternalOrShared
cbsCascade|LongAppErr|ServiceClass|ExternalOrShared
cbsCascade|l_obj|ServiceClass|ExternalOrShared
cbsCascade|l_cdWorkgroup|ServiceClass|ExternalOrShared
cbsCascade|l_cdCodeTables|ServiceClass|ExternalOrShared
cbsCascade|l_cdCascade|ServiceClass|ExternalOrShared
cbsCascade|l_objDBEmployee|ServiceClass|ExternalOrShared
cbsCascade|AMBIG::GetScheduledExceptionShifts|ServiceClass|ExternalOrShared
cbsCascade|l_cbsSchedule|ServiceClass|ExternalOrShared
cbsCascade|CreateObject|ServiceClass|ExternalOrShared
cbsCascade|AMBIG::ProcessExceptions|ServiceClass|ExternalOrShared
mbusCascade|mbusCascade|ExternalOrShared|ExternalOrShared
cbsClientRelease|lobjdb|ServiceClass|ExternalOrShared
cbsCodeTables|l_obj|ServiceClass|ExternalOrShared
cbsCodeTables|l_CodeTables|ServiceClass|ExternalOrShared
cbsCodeTables|Not|ServiceClass|ExternalOrShared
cbsCodeTables|lobjdbCodeTables|ServiceClass|ExternalOrShared
cbsCodeTables|l_dbSchedRotation|ServiceClass|ExternalOrShared
cbsCodeTables|l_objJobNumber|ServiceClass|ExternalOrShared
cbsCodeTables|l_objScheduleDetail|ServiceClass|ExternalOrShared
cbsCodeTablesTrans|GetObjectContext|ServiceClass|ExternalOrShared
cbsCodeTablesTrans|lobjdbCodeTables|ServiceClass|ExternalOrShared
cbsCodeTablesTrans|stdmTRISCommon|ServiceClass|ExternalOrShared
cbsCollectionPeriod|l_objdbCollectionPeriod|ServiceClass|ExternalOrShared
cbsCollectionPeriod|l_objCollectionPeriod|ServiceClass|ExternalOrShared
cbsCollectionPeriod|l_objEmployee|ServiceClass|ExternalOrShared
cbsCollectionPeriod|l_objPrevPayrollCd|ServiceClass|ExternalOrShared
cbsCollectionPeriod|l_obj|ServiceClass|ExternalOrShared
cbsCollectionPeriod|l_objDepartment|ServiceClass|ExternalOrShared
cbsComment|l_objComment|ServiceClass|ExternalOrShared
cbsCommentTran|l_objComment|ServiceClass|ExternalOrShared
cbsCommentTran|l_objEmployee|ServiceClass|ExternalOrShared
cbsDepartment|l_obj|ServiceClass|ExternalOrShared
cbsDepartment|CreateObject|ServiceClass|ExternalOrShared
cbsDepartment|l_objDepartment|ServiceClass|ExternalOrShared
cbsDepartment|l_objWkGp|ServiceClass|ExternalOrShared
cbsDepartment|AMBIG::IsCoffeenOperations|ServiceClass|ExternalOrShared
cbsDistributionMgr|l_obj|ServiceClass|ExternalOrShared
cbsDistributionMgr|cbsDistributionMgr|ServiceClass|ServiceClass
cbsDistributionMgr|l_objGetJobTaskList|ServiceClass|ExternalOrShared
cbsDistributionMgr|l_objGetDOJMWorkRequestsByRegion|ServiceClass|ExternalOrShared
cbsDistributionMgr|l_GetDOJMDistrictAndHeadquarters|ServiceClass|ExternalOrShared
cbsDistributionMgr|l_objDept|ServiceClass|ExternalOrShared
cbsDistributionMgr|Space|ServiceClass|ExternalOrShared
cbsDistributionMgr|l_getDistributionList|ServiceClass|ExternalOrShared
cbsDistributionMgr|db|ServiceClass|DataAccess
cbsDistributionMgr|l_objGetDistributionList|ServiceClass|ExternalOrShared
cbsDistributionMgr|l_objDOJMDistrict|ServiceClass|ExternalOrShared
cbsDistributionMgr|l_objEMPRVJobTaskWG|ServiceClass|ExternalOrShared
cbsDistributionMgr|dbEnv|ServiceClass|DataAccess
cbsDistributionMgr|l_strDistributionId|ServiceClass|ExternalOrShared
cbsDistributionMgr|Right|ServiceClass|ExternalOrShared
cbsDistributionMgr|l_objValidate|ServiceClass|ExternalOrShared
cbsEAM|AMBIG::RecordsExist|ServiceClass|ExternalOrShared
cbsEAM|lobjSchedExc|ServiceClass|ExternalOrShared
cbsEAM|lobjSchedule|ServiceClass|ExternalOrShared
cbsEAM|lobjdbEAM|ServiceClass|ExternalOrShared
cbsEAM|lobjdb|ServiceClass|ExternalOrShared
cbsEAM|Chr|ServiceClass|ExternalOrShared
cbsEAM|lobjPS|ServiceClass|ExternalOrShared
cbsEAM|lobjdbRules|ServiceClass|ExternalOrShared
cbsEAMNotify|lobjdb|ServiceClass|ExternalOrShared
cbsEAMNotify|lobjdbWG|ServiceClass|ExternalOrShared
cbsEAMNotifyTrans|lobjdb|ServiceClass|ExternalOrShared
cbsEAMTrans|DateTimeFrom|ServiceClass|ExternalOrShared
cbsEAMTrans|TimePeriodsIntersect|ServiceClass|ExternalOrShared
cbsEAMTrans|mADOExtensions|ServiceClass|ExternalOrShared
cbsEAMTrans|lobjdbCodeTables|ServiceClass|ExternalOrShared
cbsEAMTrans|lobjdbEAM|ServiceClass|ExternalOrShared
cbsEAMTrans|lobjCodeTables|ServiceClass|ExternalOrShared
cbsEAMTrans|lobjEmployee|ServiceClass|ExternalOrShared
cbsEAMTrans|lobjdbWorkgroup|ServiceClass|ExternalOrShared
cbsEAMTrans|CollectionHelper|ServiceClass|ExternalOrShared
cbsEAMTrans|DateAdd|ServiceClass|ExternalOrShared
cbsEAMTrans|AMBIG::RecordsExist|ServiceClass|ExternalOrShared
cbsEAMTrans|lbusEAM|ServiceClass|ExternalOrShared
cbsEAMTrans|m_ResourceMgr|ServiceClass|ExternalOrShared
cbsEAMTrans|sLastDataSaved|ServiceClass|ExternalOrShared
cbsEAMTrans|UniqueCollection|ServiceClass|ExternalOrShared
cbsEAMTrans|lobjSchedule|ServiceClass|ExternalOrShared
cbsEAMTrans|lobjSched|ServiceClass|ExternalOrShared
cbsEAMTrans|lobjTime|ServiceClass|ExternalOrShared
cbsEAMTrans|lobjdbCollectionPeriods|ServiceClass|ExternalOrShared
cbsEAMTrans|lobjdbEmployee|ServiceClass|ExternalOrShared
cbsEAMTrans|re|ServiceClass|ExternalOrShared
cbsEAMTrans|cbsEAMTrans|ServiceClass|ServiceClass
cbsEAMTrans|IIf|ServiceClass|ExternalOrShared
cbsEAMTrans|oUtil|ServiceClass|ExternalOrShared
cbsEAMTrans|GetObjectContext|ServiceClass|ExternalOrShared
cbsEAMTrans|lobjCollPeriod|ServiceClass|ExternalOrShared
cbsEAMTrans|lobjSchedExc|ServiceClass|ExternalOrShared
cbsEAMTrans|lobjSchedExcSave|ServiceClass|ExternalOrShared
cbsEAMTrans|lobjbusTimeKeeper|ServiceClass|ExternalOrShared
cbsEAMTrans|lobjdbEAMSave|ServiceClass|ExternalOrShared
cbsEAMTrans|lobjdbEAMTrans|ServiceClass|ExternalOrShared
cbsEAMTrans|Start|ServiceClass|ExternalOrShared
cbsEAMTrans|CheckForValidString|ServiceClass|ExternalOrShared
cbsEmpFMLA|DescArgsFrom|ServiceClass|ExternalOrShared
cbsEmployee|l_obj|ServiceClass|ExternalOrShared
cbsEmployee|cbsEmployee|ServiceClass|ServiceClass
cbsEmployee|lobjdbDepartment|ServiceClass|ExternalOrShared
cbsEmployee|lobjdbWorkgroup|ServiceClass|ExternalOrShared
cbsEmployee|AMBIG::EmployeeUnion|ServiceClass|ExternalOrShared
cbsEmployee|mADOExtensions|ServiceClass|ExternalOrShared
cbsEmployee|l_objEmployee|ServiceClass|ExternalOrShared
cbsEmployee|lobjdbEmployee|ServiceClass|ExternalOrShared
cbsEmployee|l_objdbAccrualBankMgr|ServiceClass|ExternalOrShared
cbsEmployee|l_objdbOTEqualizer|ServiceClass|ExternalOrShared
cbsEmployee|l_cdCodeTables|ServiceClass|ExternalOrShared
cbsEmployee|l_objWorkGroup|ServiceClass|ExternalOrShared
cbsEmployee|l_objdbCollectionPeriod|ServiceClass|ExternalOrShared
cbsEmployee|l_objdbDepartment|ServiceClass|ExternalOrShared
cbsEmployee|oRules|ServiceClass|ExternalOrShared
cbsEmployeeTrans|GetObjectContext|ServiceClass|ExternalOrShared
cbsEmployeeTrans|lobjdbCodeTables|ServiceClass|ExternalOrShared
cbsEmployeeTrans|lobjdbEmployee|ServiceClass|ExternalOrShared
cbsEmployeeTrans|lobjdbOTGroup|ServiceClass|ExternalOrShared
cbsEmployeeTrans|lobjdbWorkgroup|ServiceClass|ExternalOrShared
cbsEmployeeTrans|l_obj|ServiceClass|ExternalOrShared
cbsEmployeeTrans|stdmTRISCommon|ServiceClass|ExternalOrShared
cbsEmployeeTrans|lobjbusEmployee|ServiceClass|ExternalOrShared
cbsEmployeeTrans|lobjdbEmployee2|ServiceClass|ExternalOrShared
cbsEmployeeTrans|mADOExtensions|ServiceClass|ExternalOrShared
cbsEmployeeTrans|cbsEmployeeTrans|ServiceClass|ServiceClass
cbsEnvironment|db|ServiceClass|DataAccess
cbsEnvironment|l_obj|ServiceClass|ExternalOrShared
cbsEnvironmentTrans|dbEnvTrans|ServiceClass|DataAccess
cbsEnvironmentTrans|busEnvTrans|ServiceClass|Business
cbsEnvironmentTrans2|dbEnvTrans|ServiceClass|DataAccess
cbsETimeCapture|tc|ServiceClass|ExternalOrShared
cbsETimeCapture|o|ServiceClass|ExternalOrShared
cbsETimeCapture|db|ServiceClass|DataAccess
cbsETimeCaptureTrans|db|ServiceClass|DataAccess
cbsJCL|lobjDBJCL|ServiceClass|ExternalOrShared
cbsJCLTrans|lobjCodeTable|ServiceClass|ExternalOrShared
cbsJCLTrans|lobjDBJCL|ServiceClass|ExternalOrShared
cbsJCLTrans|lobjEmployee|ServiceClass|ExternalOrShared
cbsJCLTrans|lobjWorkgroup|ServiceClass|ExternalOrShared
cbsJCLTrans|lobjdbRules|ServiceClass|ExternalOrShared
cbsJCLTrans|mADOExtensions|ServiceClass|ExternalOrShared
cbsJCLTrans|GetObjectContext|ServiceClass|ExternalOrShared
cbsJCLTrans|Not|ServiceClass|ExternalOrShared
cbsJCLTrans|PadLeft|ServiceClass|ExternalOrShared
cbsMissingTime|cbsMissingTime|ServiceClass|ServiceClass
cbsMissingTime|oFSO|ServiceClass|ExternalOrShared
cbsMissingTime|lobjdb|ServiceClass|ExternalOrShared
cbsMissingTime|lobjSchedule|ServiceClass|ExternalOrShared
cbsMissingTime|ral|ServiceClass|ExternalOrShared
cbsMissingTime|re|ServiceClass|ExternalOrShared
cbsOTBanks|lobjOTBanks|ServiceClass|ExternalOrShared
cbsOTBanks|lobjOTGroup|ServiceClass|ExternalOrShared
cbsOTBanksTrans|lobjdbCodeTables|ServiceClass|ExternalOrShared
cbsOTBanksTrans|lobjdbEmployee|ServiceClass|ExternalOrShared
cbsOTBanksTrans|GetObjectContext|ServiceClass|ExternalOrShared
cbsOTBanksTrans|lobjdbOTBanks|ServiceClass|ExternalOrShared
cbsOTBanksTrans|stdmTRISCommon|ServiceClass|ExternalOrShared
cbsOTCanvass|DateTimeFrom|ServiceClass|ExternalOrShared
cbsOTCanvass|cbsOTCanvass|ServiceClass|ServiceClass
cbsOTCanvass|l_obj|ServiceClass|ExternalOrShared
cbsOTCanvass|MidnightDate|ServiceClass|ExternalOrShared
cbsOTCanvassTrans|AMBIG::IsOverrideThatAllowsOverlap|ServiceClass|ExternalOrShared
cbsOTCanvassTrans|l_objWorkGroup|ServiceClass|ExternalOrShared
cbsOTCanvassTrans|LongAppErr|ServiceClass|ExternalOrShared
cbsOTCanvassTrans|DateTimeFrom|ServiceClass|ExternalOrShared
cbsOTCanvassTrans|str|ServiceClass|ExternalOrShared
cbsOTCanvassTrans|cbsOTCanvassTrans|ServiceClass|ServiceClass
cbsOTCanvassTrans|l_obj|ServiceClass|ExternalOrShared
cbsOTCanvassTrans|lobjDB|ServiceClass|ExternalOrShared
cbsOTCanvassTrans|objOTTimecard|ServiceClass|ExternalOrShared
cbsOTCanvassTrans|l_objCodeTables|ServiceClass|ExternalOrShared
cbsOTCanvassTrans|AMBIG::GetEmployeeSchedules|ServiceClass|ExternalOrShared
cbsOTCanvassTrans|AMBIG::GetOtherPayEntries|ServiceClass|ExternalOrShared
cbsOTCanvassTrans|l_objEmployee|ServiceClass|ExternalOrShared
cbsOTCanvassTrans|CreateObject|ServiceClass|ExternalOrShared
cbsOTCanvassTrans|ocdTimeCard|ServiceClass|ExternalOrShared
cbsOTCanvassTrans|Abs|ServiceClass|ExternalOrShared
cbsOTCanvassTrans|AMBIG::IsScheduledOvertime|ServiceClass|ExternalOrShared
cbsOTCanvassTrans|l_objCodeTable|ServiceClass|ExternalOrShared
cbsOTCanvassTrans|TimePeriodsIntersect2|ServiceClass|ExternalOrShared
cbsOTGroup|lobjOTGroup|ServiceClass|ExternalOrShared
cbsOTGroupTrans|lobjWorkgroup|ServiceClass|ExternalOrShared
cbsOTGroupTrans|lobjdbCodeTables|ServiceClass|ExternalOrShared
cbsOTGroupTrans|lobjdbOTGroup|ServiceClass|ExternalOrShared
cbsOTGroupTrans|GetObjectContext|ServiceClass|ExternalOrShared
cbsOTGroupTrans|Not|ServiceClass|ExternalOrShared
cbsOTGroupTrans|mADOExtensions|ServiceClass|ExternalOrShared
cbsOTGroupTrans|stdmTRISCommon|ServiceClass|ExternalOrShared
cbsOTTemplate|l_obj|ServiceClass|ExternalOrShared
cbsOTTemplateTrans|l_obj|ServiceClass|ExternalOrShared
cbsOTTimecard|TrsGetErrDescription|ServiceClass|ExternalOrShared
cbsOTTimecard|l_objCodeTables|ServiceClass|ExternalOrShared
cbsOTTimecard|l_objEmployee|ServiceClass|ExternalOrShared
cbsOTTimecard|AMBIG::RecordsExist|ServiceClass|ExternalOrShared
cbsOTTimecard|l_objTimecard|ServiceClass|ExternalOrShared
cbsOTTimecard|cuContainer|ServiceClass|ServiceClass
cbsOTTimecard|l_obj|ServiceClass|ExternalOrShared
cbsOTTimecard|ocdWorkGroup|ServiceClass|ExternalOrShared
cbsOTTimecard|mADOExtensions|ServiceClass|ExternalOrShared
cbsOTTimecard|AMBIG::GetEmpWorkgroups|ServiceClass|ExternalOrShared
cbsOTTimecard|AMBIG::GetEmployees|ServiceClass|ExternalOrShared
cbsOTTimecard|AMBIG::GetOtherPayEntries|ServiceClass|ExternalOrShared
cbsOTTimecard|cbsOTTimecard|ServiceClass|ServiceClass
cbsOTTimecard|AMBIG::GetTimecardEntries|ServiceClass|ExternalOrShared
cbsOTTimecard|ocdEmployee|ServiceClass|ExternalOrShared
cbsOTTimecard|CreateObject|ServiceClass|ExternalOrShared
cbsOTTimecard|ocdTimeCard|ServiceClass|ExternalOrShared
cbsOTTimecard|obsSchedule|ServiceClass|ExternalOrShared
cbsOTTimecard|l_objDistributionMgr|ServiceClass|ExternalOrShared
cbsOvertimeEqualizer|str|ServiceClass|ExternalOrShared
cbsOvertimeEqualizer|time|ServiceClass|ExternalOrShared
cbsOvertimeEqualizer|l_obj|ServiceClass|ExternalOrShared
cbsOvertimeEqualizer|l_boCommonLib|ServiceClass|ExternalOrShared
cbsOvertimeEqualizer|l_dbOvertimeEqualizer|ServiceClass|ExternalOrShared
cbsOvertimeEqualizer|l_dbCodeTables|ServiceClass|ExternalOrShared
cbsOvertimeEqualizer|l_dbOTEqualizer|ServiceClass|ExternalOrShared
cbsRules|l_obj|ServiceClass|ExternalOrShared
cbsSchedChgPay|l_objSchedChgPay|ServiceClass|ExternalOrShared
cbsSchedChgPay|l_cbsSchedule|ServiceClass|ExternalOrShared
cbsSchedChgPay|l_dbSchedChgPay|ServiceClass|ExternalOrShared
cbsSchedChgPay|l_objSchedule|ServiceClass|ExternalOrShared
cbsSchedChgPay|l_obj|ServiceClass|ExternalOrShared
cbsSchedChgPay|l_objCodeTables|ServiceClass|ExternalOrShared
cbsSchedChgPay|l_objEmployee|ServiceClass|ExternalOrShared
cbsSchedCodeMaint|l_dbSchedRotation|ServiceClass|ExternalOrShared
cbsSchedCodeMaintTran|l_objSchedCode|ServiceClass|ExternalOrShared
cbsSchedCodeMaintTran|l_objScheduleCodes|ServiceClass|ExternalOrShared
cbsSchedCodeMaintTran|LongAppErr|ServiceClass|ExternalOrShared
cbsSchedCodeMaintTran|DateDiff|ServiceClass|ExternalOrShared
cbsSchedDemand|l_objSchDmd|ServiceClass|ExternalOrShared
cbsSchedDemand|lobjdb|ServiceClass|ExternalOrShared
cbsSchedDemandTrans|l_cdTimecard|ServiceClass|ExternalOrShared
cbsSchedDemandTrans|DateAdd|ServiceClass|ExternalOrShared
cbsSchedDemandTrans|LongAppErr|ServiceClass|ExternalOrShared
cbsSchedDemandTrans|lobjdbWorkgroup|ServiceClass|ExternalOrShared
cbsSchedDemandTrans|l_objDBSchDmd|ServiceClass|ExternalOrShared
cbsSchedDemandTrans|l_objBUSCodeTables|ServiceClass|ExternalOrShared
cbsSchedDemandTrans|l_objDBEmployee|ServiceClass|ExternalOrShared
cbsSchedDemandTrans|cbsCascade|ServiceClass|ServiceClass
cbsSchedDemandTrans|l_objDBWorkGroup|ServiceClass|ExternalOrShared
cbsSchedDemandTrans|cbsSchedDemandTrans|ServiceClass|ServiceClass
cbsSchedDemandTrans|l_cbsCascade|ServiceClass|ExternalOrShared
cbsSchedDemandTrans|GetObjectContext|ServiceClass|ExternalOrShared
cbsSchedDemandTrans|lobjdb|ServiceClass|ExternalOrShared
cbsSchedDemandTrans|l_objDBSchDmdTrans|ServiceClass|ExternalOrShared
cbsSchedDemandTrans|l_cbsSchedChgPay|ServiceClass|ExternalOrShared
cbsSchedDemandTrans|stdmTRISCommon|ServiceClass|ExternalOrShared
cbsSchedException|AMBIG::CanBeScheduledOnOffDay|ServiceClass|ExternalOrShared
cbsSchedException|DateAdd|ServiceClass|ExternalOrShared
cbsSchedException|l_obj|ServiceClass|ExternalOrShared
cbsSchedExceptionTrans|str|ServiceClass|ExternalOrShared
cbsSchedExceptionTrans|LongAppErr|ServiceClass|ExternalOrShared
cbsSchedExceptionTrans|IsEmpty|ServiceClass|ExternalOrShared
cbsSchedExceptionTrans|l_obj|ServiceClass|ExternalOrShared
cbsSchedExceptionTrans|DateAdd|ServiceClass|ExternalOrShared
cbsSchedExceptionTrans|l_cdWorkgroup|ServiceClass|ExternalOrShared
cbsSchedExceptionTrans|l_cdCodeTables|ServiceClass|ExternalOrShared
cbsSchedExceptionTrans|IsDate|ServiceClass|ExternalOrShared
cbsSchedExceptionTrans|AMBIG::IsAmerenCIPS|ServiceClass|ExternalOrShared
cbsSchedExceptionTrans|AMBIG::IsAmerenCIPSBenefitParticipant|ServiceClass|ExternalOrShared
cbsSchedExceptionTrans|AMBIG::IsNonWorkTime|ServiceClass|ExternalOrShared
cbsSchedExceptionTrans|AMBIG::DoesRuleApply|ServiceClass|ExternalOrShared
cbsSchedExceptionTrans|AMBIG::ExecutiveContractIndicatorForUnion|ServiceClass|ExternalOrShared
cbsSchedExceptionTrans|AMBIG::IsStringInList|ServiceClass|ExternalOrShared
cbsSchedExceptionTrans|AMBIG::IsComponentCode|ServiceClass|ExternalOrShared
cbsSchedExceptionTrans|AMBIG::IsValidExceptionCodeFor|ServiceClass|ExternalOrShared
cbsSchedExceptionTrans|AMBIG::IsOverrideExceptionCode|ServiceClass|ExternalOrShared
cbsSchedExceptionTrans|AMBIG::IsVacationReliefCode|ServiceClass|ExternalOrShared
cbsSchedExceptionTrans|lobjWGMgr|ServiceClass|ExternalOrShared
cbsSchedExceptionTrans|CreateObject|ServiceClass|ExternalOrShared
cbsSchedPersonal|l_dbSchedPersonal|ServiceClass|ExternalOrShared
cbsSchedPersonalTrans|l_cdTimecard|ServiceClass|ExternalOrShared
cbsSchedPersonalTrans|DateAdd|ServiceClass|ExternalOrShared
cbsSchedPersonalTrans|CreateObject|ServiceClass|ExternalOrShared
cbsSchedPersonalTrans|l_obj|ServiceClass|ExternalOrShared
cbsSchedPersonalTrans|l_objDBEmployee|ServiceClass|ExternalOrShared
cbsSchedPersonalTrans|l_dbSchedPersonal|ServiceClass|ExternalOrShared
cbsSchedPersonalTrans|l_busSchedRotation|ServiceClass|ExternalOrShared
cbsSchedPersonalTrans|BusScheduleDataManager|ServiceClass|Business
cbsSchedPersonalTrans|AMBIG::GetExistPersonalSched|ServiceClass|ExternalOrShared
cbsSchedPersonalTrans|l_dbDefaultEndDate|ServiceClass|ExternalOrShared
cbsSchedPersonalTrans|AMBIG::GetRotationSchedHeader|ServiceClass|ExternalOrShared
cbsSchedPersonalTrans|AMBIG::GetRotationSchedDetail|ServiceClass|ExternalOrShared
cbsSchedPersonalTrans|l_dbEmployee|ServiceClass|ExternalOrShared
cbsSchedPersonalTrans|CodeTableDataManager|ServiceClass|ExternalOrShared
cbsSchedPersonalTrans|cbsCascade|ServiceClass|ServiceClass
cbsSchedPersonalTrans|l_cbsCascade|ServiceClass|ExternalOrShared
cbsSchedPersonalTrans|LongAppErr|ServiceClass|ExternalOrShared
cbsSchedPersonalTrans|l_cbsSchedule|ServiceClass|ExternalOrShared
cbsSchedPersonalTrans|l_dbSchedChgPay|ServiceClass|ExternalOrShared
cbsSchedPersonalTrans|l_cdSchedule|ServiceClass|ExternalOrShared
cbsSchedRotation|l_dbSchedRotation|ServiceClass|ExternalOrShared
cbsSchedRotationTrans|CreateObject|ServiceClass|ExternalOrShared
cbsSchedRotationTrans|l_dbSchedRotation|ServiceClass|ExternalOrShared
cbsSchedRotationTrans|l_dbEmployee|ServiceClass|ExternalOrShared
cbsSchedRotationTrans|CodeTableDBMgr|ServiceClass|ExternalOrShared
cbsSchedTrade|l_obj|ServiceClass|ExternalOrShared
cbsSchedTradeTrans|l_cdTimecard|ServiceClass|ExternalOrShared
cbsSchedTradeTrans|str|ServiceClass|ExternalOrShared
cbsSchedTradeTrans|l_cbsCascade|ServiceClass|ExternalOrShared
cbsSchedTradeTrans|l_obj|ServiceClass|ExternalOrShared
cbsSchedTradeTrans|l_dbSchedule|ServiceClass|ExternalOrShared
cbsSchedTradeTrans|l_aryEmpHoursBeforeTrade|ServiceClass|ExternalOrShared
cbsSchedTradeTrans|l_dbSchedChgPay|ServiceClass|ExternalOrShared
cbsSchedTradeTrans|cbsSchedTradeTrans|ServiceClass|ServiceClass
cbsSchedTradeTrans|l_cdCascade|ServiceClass|ExternalOrShared
cbsSchedule|cbsSchedule|ServiceClass|ServiceClass
cbsSchedule|TrsGetErrDescription|ServiceClass|ExternalOrShared
cbsSchedule|DateAdd|ServiceClass|ExternalOrShared
cbsSchedule|l_obj|ServiceClass|ExternalOrShared
cbsSchedule|l_dbSchedule|ServiceClass|ExternalOrShared
cbsSchedule|AMBIG::GetEmployeeTrades|ServiceClass|ExternalOrShared
cbsSchedule|AMBIG::GetWorkGroupAssignments|ServiceClass|ExternalOrShared
cbsSchedule|AMBIG::GetWorkGroupLineAssignments|ServiceClass|ExternalOrShared
cbsSchedule|AMBIG::GetWorkGroupLineBaseSched|ServiceClass|ExternalOrShared
cbsSchedule|AMBIG::GetWorkGroupLineTrades|ServiceClass|ExternalOrShared
cbsSchedule|AMBIG::RecordsExist|ServiceClass|ExternalOrShared
cbsSchedule|AMBIG::DetermineTradeExceptionCode|ServiceClass|ExternalOrShared
cbsBuiltDataScope|lobjdbDataScope|ServiceClass|ExternalOrShared
cbsBuiltDataScopeTrans|GetObjectContext|ServiceClass|ExternalOrShared
cbsBuiltDataScopeTrans|lobjdbDataScope|ServiceClass|ExternalOrShared
cbsCLIENTINFO|lobjDataAccess|ServiceClass|ExternalOrShared
cbsDataScope|lobjdbDataScope|ServiceClass|ExternalOrShared
cbsDataScopeTrans|GetObjectContext|ServiceClass|ExternalOrShared
cbsDataScopeTrans|lobjDataAccess|ServiceClass|ExternalOrShared
cbsDataScopeTrans|lobjLevelMaintenance|ServiceClass|ExternalOrShared
cbsDataScopeTrans|lobjDB|ServiceClass|ExternalOrShared
cbsDataScopeTrans|lobjEnvironment|ServiceClass|ExternalOrShared
cbsDataScopeTrans|lobjFunctionalSecurity|ServiceClass|ExternalOrShared
cbsFunSecurity|lobjDataAccess|ServiceClass|ExternalOrShared
cbsFunSecurity|lobjClientInfo|ServiceClass|ExternalOrShared
cbsLevelMaintenance|lobjDataAccess|ServiceClass|ExternalOrShared
cbsLevelMaintenance|lobjdbFunSecurity|ServiceClass|ExternalOrShared
cbsLevelMaintenanceTrans|GetObjectContext|ServiceClass|ExternalOrShared
cbsLevelMaintenanceTrans|lobjDataAccess|ServiceClass|ExternalOrShared
cbsLevelMaintenanceTrans|lobjDB|ServiceClass|ExternalOrShared
cbsSysAdmin|radrsCopy|ServiceClass|ExternalOrShared
cbsSysAdmin|lobjdb|ServiceClass|ExternalOrShared
cboOtherPay|v_rsOtherPayRequest|ExternalOrShared|ExternalOrShared
cboOtherPay|dbTimeCard|ExternalOrShared|DataAccess
cboOtherPay|r_objOtherPayEntry|ExternalOrShared|ExternalOrShared
cboOtherPayEntry|Employee|ExternalOrShared|ExternalOrShared
cboOtherPayEntry|Schedule|ExternalOrShared|ExternalOrShared
cboOtherPayEntry|l_obj|ExternalOrShared|ExternalOrShared
cboOtherPayEntry|FormatBRV|ExternalOrShared|ExternalOrShared
cboOtherPayEntry|lobjWGMgr|ExternalOrShared|ExternalOrShared
cboOtherPayEntry|AMBIG::DoesRuleApply|ExternalOrShared|ExternalOrShared
cboOtherPayEntry|GetDepartmentManager|ExternalOrShared|ExternalOrShared
cboOtherPayEntry|lobjJobMgr|ExternalOrShared|ExternalOrShared
cboOtherPayEntry|lobjLocMgr|ExternalOrShared|ExternalOrShared
cboOtherPayEntry|GetBusDepartment|ExternalOrShared|ExternalOrShared
cboOtherPayEntry|dbWorkgroup|ExternalOrShared|DataAccess
cboSchedule|IsTimeBetween|ExternalOrShared|ExternalOrShared
cboSchedule|DateTimeFrom|ExternalOrShared|ExternalOrShared
cboSchedule|mobjScheduleChangePayments|ExternalOrShared|ExternalOrShared
cboSchedule|Employee|ExternalOrShared|ExternalOrShared
cboSchedule|l_bsSchedule|ExternalOrShared|ExternalOrShared
cboSchedule|l_dbSchedule|ExternalOrShared|ExternalOrShared
cboSchedule|cboSchedule|ExternalOrShared|ExternalOrShared
cboScheduledShift|Right|ExternalOrShared|ExternalOrShared
cboScheduledShift|TimePeriodsSubset|ExternalOrShared|ExternalOrShared
cboScheduledShift|DateTimeFrom|ExternalOrShared|ExternalOrShared
cboTimecard|Employee|ExternalOrShared|ExternalOrShared
cboTimecard|te|ExternalOrShared|ExternalOrShared
cboTimecard|AMBIG::GetScheduleChangePayments|ExternalOrShared|ExternalOrShared
cboTimecard|l_objTimeEntry|ExternalOrShared|ExternalOrShared
cboTimecard|l_varSchedChgPmt|ExternalOrShared|ExternalOrShared
cboTimecard|mobjEmployee|ExternalOrShared|ExternalOrShared
cboTimecard|mobjSchedule|ExternalOrShared|ExternalOrShared
cboTimecard|r_objTimeEntry|ExternalOrShared|ExternalOrShared
cboTimecard|GetBSTimecard|ExternalOrShared|ExternalOrShared
cboTimecard|mbusTimecard|ExternalOrShared|ExternalOrShared
cboTimecard|AMBIG::IsSpecialOverrideCode|ExternalOrShared|ExternalOrShared
cboTimecard|CreateObject|ExternalOrShared|ExternalOrShared
cboTimecard|l_objCollPeriod|ExternalOrShared|ExternalOrShared
cboTimecard|Schedule|ExternalOrShared|ExternalOrShared
cboTimecard|l_obj|ExternalOrShared|ExternalOrShared
cboTimecard|timeEntry|ExternalOrShared|ExternalOrShared
cboTimecard|dbTimeCard|ExternalOrShared|DataAccess
cboTimecard|r_objTimecardEntry|ExternalOrShared|ExternalOrShared
cboTimecardEntry|Employee|ExternalOrShared|ExternalOrShared
cboTimecardEntry|Schedule|ExternalOrShared|ExternalOrShared
cboTimecardEntry|GetDepartmentManager|ExternalOrShared|ExternalOrShared
cboTimecardEntry|GetBusDepartmentManager|ExternalOrShared|ExternalOrShared
cboTimecardEntry|mbusTimecard|ExternalOrShared|ExternalOrShared
cboTimecardEntry|cboTimecardEntry|ExternalOrShared|ExternalOrShared
cboTimecardEntry|Timecard|ExternalOrShared|ExternalOrShared
cboTimecardEntry|lobjOTEqualizer|ExternalOrShared|ExternalOrShared
cboTimecardEntry|AMBIG::DoesRuleApply|ExternalOrShared|ExternalOrShared
cboTimecardEntry|l_obj|ExternalOrShared|ExternalOrShared
cboTimecardEntry|Mid|ExternalOrShared|ExternalOrShared
cboTimecardEntry|FormatBRV|ExternalOrShared|ExternalOrShared
cboTimecardEntry|CreateObject|ExternalOrShared|ExternalOrShared
cboTimecardEntry|lobjWGMgr|ExternalOrShared|ExternalOrShared
cboTimecardEntry|GetJobManager|ExternalOrShared|ExternalOrShared
cboTimecardEntry|AMBIG::IsStringInList|ExternalOrShared|ExternalOrShared
cboTimecardEntry|AMBIG::IsComponentCode|ExternalOrShared|ExternalOrShared
cboTimecardEntry|l_dbEffectiveDateRules|ExternalOrShared|ExternalOrShared
cboTimecardEntry|AMBIG::IsValidExceptionCodeFor|ExternalOrShared|ExternalOrShared
cboTimecardEntry|AMBIG::IsOverrideExceptionCode|ExternalOrShared|ExternalOrShared
cboTimecardEntry|IsDate|ExternalOrShared|ExternalOrShared
cboTimecardEntry|l_bsSchedule|ExternalOrShared|ExternalOrShared
cboTimecardEntry|newEntry|ExternalOrShared|ExternalOrShared
cbsTimecard|Timecard|ServiceClass|ExternalOrShared
cbsTimecard|cbsTimecard|ServiceClass|ServiceClass
cbsTimecard|TrsGetErrDescription|ServiceClass|ExternalOrShared
cbsTimecard|aryError|ServiceClass|ExternalOrShared
cbsTimecard|Schedule|ServiceClass|ExternalOrShared
cbsTimecard|l_obj|ServiceClass|ExternalOrShared
cbsTimecard|l_objdbTimecard|ServiceClass|ExternalOrShared
cbsTimecard|CreateObject|ServiceClass|ExternalOrShared
cbsTimecard|l_objCollPeriod|ServiceClass|ExternalOrShared
cbsTimecard|l_objdbWorkGroup|ServiceClass|ExternalOrShared
cbsTimecard|robjSchedShift|ServiceClass|ExternalOrShared
cbsTimecard|comint4|ServiceClass|ExternalOrShared
cbsTimecard|l_objRSEmployee|ServiceClass|ExternalOrShared
cbsTimecard|l_objcbsDistributionMgr|ServiceClass|ExternalOrShared
cbsTimecard|l_objcdTimecard|ServiceClass|ExternalOrShared
cbsTimecard|l_objdbEmployee|ServiceClass|ExternalOrShared
cbsTimecard|dbEnv|ServiceClass|DataAccess
cbsTimecard|Employee|ServiceClass|ExternalOrShared
cbsTimecard|l_objGetAccountDescription|ServiceClass|ExternalOrShared
cbsTimecard|l_objGetActualTimeEntries|ServiceClass|ExternalOrShared
cbsTimecard|l_objGetJobTaskDistributionidDesc|ServiceClass|ExternalOrShared
cbsTimecard|l_objGetOverExccdDescription|ServiceClass|ExternalOrShared
cbsTimecard|l_objGetWGDistributionIDDescriptions|ServiceClass|ExternalOrShared
cbsTimecard|lcolWorkgroup|ServiceClass|ExternalOrShared
cbsTimecard|dbSaveTimecard|ServiceClass|DataAccess
mbusTimecard|l_obj|ExternalOrShared|ExternalOrShared
mbusTimecard|GetExceptionCodeManager|ExternalOrShared|ExternalOrShared
mbusTimecard|l_ContainerLib|ExternalOrShared|ExternalOrShared
mbusTimecard|GetUnionManager|ExternalOrShared|ExternalOrShared
mbusTimecard|CreateObject|ExternalOrShared|ExternalOrShared
mbusTimecard|GetBusExceptionCodeManager|ExternalOrShared|ExternalOrShared
mbusTimecard|l_objReasonMgr|ExternalOrShared|ExternalOrShared
mstEffUnionComp|GetEffComponentDataManager|ExternalOrShared|ExternalOrShared
mstEffUnionComp|CreateObject|ExternalOrShared|ExternalOrShared
mstEffUnionComp|GetEffComponentBusManager|ExternalOrShared|ExternalOrShared
cbsTimekeeper|TrsGetErrDescription|ServiceClass|ExternalOrShared
cbsTimekeeper|l_obj|ServiceClass|ExternalOrShared
cbsTimekeeper|CreateObject|ServiceClass|ExternalOrShared
cbsTimekeeper|ocdWorkGroup|ServiceClass|ExternalOrShared
cbsTimekeeper|mADOExtensions|ServiceClass|ExternalOrShared
cbsTimekeeper|AMBIG::GetEmpWorkgroups|ServiceClass|ExternalOrShared
cbsTimekeeper|AMBIG::GetEmployees|ServiceClass|ExternalOrShared
cbsTimekeeper|AMBIG::GetOtherPayEntries|ServiceClass|ExternalOrShared
cbsTimekeeper|AMBIG::GetScheduleChangePayments|ServiceClass|ExternalOrShared
cbsTimekeeper|AMBIG::GetTimecardEntries|ServiceClass|ExternalOrShared
cbsTimekeeper|ocdEmployee|ServiceClass|ExternalOrShared
cbsTimekeeper|ocdTimeCard|ServiceClass|ExternalOrShared
cbsTimekeeper|ocdSchedule|ServiceClass|ExternalOrShared
cbsTimekeeper|IsDate|ServiceClass|ExternalOrShared
cbsTimekeeper|dbEnv|ServiceClass|DataAccess
cbsTimekeeper|l_strDistributionId|ServiceClass|ExternalOrShared
cbsTimekeeper|lobjSaveTimecard|ServiceClass|ExternalOrShared
cbsTimekeeper|l_objDistributionMgr|ServiceClass|ExternalOrShared
cbsTimekeeper|l_objTimecard|ServiceClass|ExternalOrShared
cbsTimekeeper|cbsTimekeeper|ServiceClass|ServiceClass
cbsTimekeeper|AMBIG::IsDateValid|ServiceClass|ExternalOrShared
cbsEmployee|l_objbusEmployee|ServiceClass|ExternalOrShared
cbsWorkGroup|l_objWkGp|ServiceClass|ExternalOrShared
cbsWorkGroup|lobjEmployee|ServiceClass|ExternalOrShared
cbsWorkGroup|lobjSched|ServiceClass|ExternalOrShared
cbsWorkGroup|lobjTimeCard|ServiceClass|ExternalOrShared
cbsWorkGroup|lobjdbEmployee|ServiceClass|ExternalOrShared
cbsWorkGroup|mADOExtensions|ServiceClass|ExternalOrShared
cbsWorkGroup|lobjJobInfo|ServiceClass|ExternalOrShared
cbsWorkGroup|lobjCodeTable|ServiceClass|ExternalOrShared
cbsWorkGroup|lobjEmp|ServiceClass|ExternalOrShared
cbsWorkGroup|lobjWG|ServiceClass|ExternalOrShared
cbsWorkGroup|lobjdbSched|ServiceClass|ExternalOrShared
cbsWorkGroup|l|ServiceClass|ExternalOrShared
cbsWorkGroupTrans|cbsWorkGroupTrans|ServiceClass|ServiceClass
cbsWorkGroupTrans|IsEmpty|ServiceClass|ExternalOrShared
cbsWorkGroupTrans|l_cdTimecard|ServiceClass|ExternalOrShared
cbsWorkGroupTrans|AMBIG::GetDemandLineAssignments|ServiceClass|ExternalOrShared
cbsWorkGroupTrans|AMBIG::GetDemandLineSchedules|ServiceClass|ExternalOrShared
cbsWorkGroupTrans|DateAdd|ServiceClass|ExternalOrShared
cbsWorkGroupTrans|str|ServiceClass|ExternalOrShared
cbsWorkGroupTrans|l_cdCodeTables|ServiceClass|ExternalOrShared
cbsWorkGroupTrans|LongAppErr|ServiceClass|ExternalOrShared
cbsWorkGroupTrans|cuContainer|ServiceClass|ServiceClass
cbsWorkGroupTrans|TrsGetErrDescription|ServiceClass|ExternalOrShared
cbsWorkGroupTrans|Join|ServiceClass|ExternalOrShared
cbsWorkGroupTrans|Right|ServiceClass|ExternalOrShared
cbsWorkGroupTrans|l_cbsSchedule|ServiceClass|ExternalOrShared
cbsWorkGroupTrans|l_cdSchedule|ServiceClass|ExternalOrShared
cbsWorkGroupTrans|l_obj|ServiceClass|ExternalOrShared
cbsWorkGroupTrans|l_cdSchedDemand|ServiceClass|ExternalOrShared
cbsWorkGroupTrans|l_cdWorkgroup|ServiceClass|ExternalOrShared
cbsWorkGroupTrans|Space|ServiceClass|ExternalOrShared
cbsWorkGroupTrans|l_objWkGp|ServiceClass|ExternalOrShared
cbsWorkGroupTrans|AMBIG::IsDOJM|ServiceClass|ExternalOrShared
cbsWorkGroupTrans|mbusWorkGroup|ServiceClass|ExternalOrShared
cbsWorkGroupTrans|IsDate|ServiceClass|ExternalOrShared
cbsWorkGroupTrans|l_strDistributionId|ServiceClass|ExternalOrShared
cbsWorkGroupTrans|l_objDBEmployee|ServiceClass|ExternalOrShared
cbsWorkGroupTrans|cbsCascade|ServiceClass|ServiceClass
cbsWorkGroupTrans|l_cdSchedTrade|ServiceClass|ExternalOrShared
cbsWorkGroupTrans|l_cbsCascade|ServiceClass|ExternalOrShared
cbsWorkGroupTrans|AMBIG::RecordsExist|ServiceClass|ExternalOrShared
cbsWorkGroupTrans|l_cbsSchedChgPay|ServiceClass|ExternalOrShared
mbusWorkGroup|mbusWorkGroup|ExternalOrShared|ExternalOrShared
cdAccrualBankMgr|dbEnv|ServiceClass|DataAccess
cdAccrualBankMgr|m_ResourceMgr|ServiceClass|ExternalOrShared
cdAccrualBankMgr|oADOHelper|ServiceClass|ExternalOrShared
cdAccrualBankMgr|l_objCM|ServiceClass|ExternalOrShared
cdAccrualBankMgrTrans|l_objCM|ServiceClass|ExternalOrShared
cdAdjustments|m_ResourceMgr|ServiceClass|ExternalOrShared
cdAdjustments|oADOHelper|ServiceClass|ExternalOrShared
cdRequestFirstAppr|stdmTRISCommon|ServiceClass|ExternalOrShared
cdRequestFirstAppr|lobjUtility|ServiceClass|ExternalOrShared
cdCallLog|l_objCallInfo|ServiceClass|ExternalOrShared
cdCascade|l_objSQLBuilder|ServiceClass|ExternalOrShared
cdCascade|l_dbTimecard|ServiceClass|ExternalOrShared
cdCascade|cuContainer|ServiceClass|ServiceClass
cdCascade|l_dbSchedule|ServiceClass|ExternalOrShared
cdCascade|l_objCM|ServiceClass|ExternalOrShared
cdCascade|Join|ServiceClass|ExternalOrShared
cdCodeTables|IIf|ServiceClass|ExternalOrShared
cdCodeTables|mADOExtensions|ServiceClass|ExternalOrShared
cdCodeTables|l_objCM|ServiceClass|ExternalOrShared
cdCodeTables|CreateObject|ServiceClass|ExternalOrShared
cdCodeTables|m_ResourceMgr|ServiceClass|ExternalOrShared
cdCodeTables|cdCodeTables|ServiceClass|ServiceClass
cdCodeTables|AMBIG::GroupSupportsLoadRecord|ServiceClass|ExternalOrShared
cdCodeTables|AMBIG::IsLazyInitialized|ServiceClass|ExternalOrShared
cdCodeTables|AMBIG::OneRowForEachKey|ServiceClass|ExternalOrShared
cdCodeTables|recCache|ServiceClass|ExternalOrShared
cdCodeTables|lobjdbDepartment|ServiceClass|ExternalOrShared
cdCodeTables|dbEnv|ServiceClass|DataAccess
cdCodeTables|l_varRecord|ServiceClass|ExternalOrShared
cdCodeTablesTrans|lobjUtility|ServiceClass|ExternalOrShared
cdCollectionPeriod|AMBIG::PayProcessedIndicator|ServiceClass|ExternalOrShared
cdCollectionPeriod|l_objCM|ServiceClass|ExternalOrShared
cdCollectionPeriod|AMBIG::GetRecord|ServiceClass|ExternalOrShared
cdCollectionPeriod|l_varRowValues|ServiceClass|ExternalOrShared
cdCollectionPeriod|AMBIG::GroupSupportsLoadRecord|ServiceClass|ExternalOrShared
cdCollectionPeriod|AMBIG::IsLazyInitialized|ServiceClass|ExternalOrShared
cdCollectionPeriod|AMBIG::OneRowForEachKey|ServiceClass|ExternalOrShared
cdCollectionPeriod|recCache|ServiceClass|ExternalOrShared
cdCollectionPeriod|cdCollectionPeriod|ServiceClass|ServiceClass
cdComment|l_objDBConnectMgr|ServiceClass|ExternalOrShared
cdCommentTrans|l_objDBConnectMgr|ServiceClass|ExternalOrShared
cdDepartment|l_objCM|ServiceClass|ExternalOrShared
cdDepartment|AMBIG::GroupSupportsLoadRecord|ServiceClass|ExternalOrShared
cdDepartment|AMBIG::IsLazyInitialized|ServiceClass|ExternalOrShared
cdDepartment|AMBIG::OneRowForEachKey|ServiceClass|ExternalOrShared
cdDepartment|recCache|ServiceClass|ExternalOrShared
cdDistributionMgr|l_objCM|ServiceClass|ExternalOrShared
cdDistributionMgr|DescArgsFrom|ServiceClass|ExternalOrShared
cdDistributionMgr|l_objCMD|ServiceClass|ExternalOrShared
cdDistributionMgr|l_objDept|ServiceClass|ExternalOrShared
cdDistributionMgr|job|ServiceClass|ExternalOrShared
cdDistributionMgr|m_ResourceMgr|ServiceClass|ExternalOrShared
cdDistributionMgr|oADOHelper|ServiceClass|ExternalOrShared
cdDistributionMgr|dbEnv|ServiceClass|DataAccess
cdDistributionMgr|Acmd|ServiceClass|ExternalOrShared
cdDistributionMgr|l_obj|ServiceClass|ExternalOrShared
cdEAM|SESSION|ServiceClass|ExternalOrShared
cdEAMTrans|lobjUtility|ServiceClass|ExternalOrShared
cdEmpFMLA|SYSADM|ServiceClass|ExternalOrShared
cdEmpFMLA|l_objCM|ServiceClass|ExternalOrShared
cdEmployee|utilDeptMgr|ServiceClass|Utility
cdEmployee|utilJobMgr|ServiceClass|Utility
cdEmployee|utilUnionMgr|ServiceClass|Utility
cdEmployee|l_objCodeTables|ServiceClass|ExternalOrShared
cdEmployee|l_objCM|ServiceClass|ExternalOrShared
cdEmployee|SESSION|ServiceClass|ExternalOrShared
cdEmployee|m_ResourceMgr|ServiceClass|ExternalOrShared
cdEmployee|oADOHelper|ServiceClass|ExternalOrShared
cdEmployee|datahub|ServiceClass|ExternalOrShared
cdEmployee|lobjCM|ServiceClass|ExternalOrShared
cdEmployeeTrans|l_objCM|ServiceClass|ExternalOrShared
cdEnvironment|IIf|ServiceClass|ExternalOrShared
cdEnvironment|AMBIG::GroupSupportsLoadRecord|ServiceClass|ExternalOrShared
cdEnvironment|AMBIG::IsLazyInitialized|ServiceClass|ExternalOrShared
cdEnvironment|AMBIG::OneRowForEachKey|ServiceClass|ExternalOrShared
cdEnvironment|recCache|ServiceClass|ExternalOrShared
cdEnvironmentTrans|mdbEnvironment|ServiceClass|ExternalOrShared
cdEnvironmentTrans2|OutputStream|ServiceClass|ExternalOrShared
cdEnvironmentTrans2|oUtility|ServiceClass|ExternalOrShared
cdEnvironmentTrans2|mdbEnvironment|ServiceClass|ExternalOrShared
mdbEnvironment|oUtility|ExternalOrShared|ExternalOrShared
cdETimeCapture|m_ResourceMgr|ServiceClass|ExternalOrShared
cdETimeCapture|oADOHelper|ServiceClass|ExternalOrShared
cdETimeCaptureTrans|m_ResourceMgr|ServiceClass|ExternalOrShared
cdETimeCaptureTrans|oADOHelper|ServiceClass|ExternalOrShared
cdJCL|lobjUtility|ServiceClass|ExternalOrShared
cdMessageDispatcher|l_objCM|ServiceClass|ExternalOrShared
cdMessageDispatcher|cdMessageDispatcher|ServiceClass|ServiceClass
cdMessageDispatcher|AMBIG::DateAsEnclosedString|ServiceClass|ExternalOrShared
cdMessageDispatcher|AMBIG::SinqleQuotedString|ServiceClass|ExternalOrShared
cdMessageDispatcher|METHDBA|ServiceClass|ExternalOrShared
cdMessageDispatcher|v_varTranRecs|ServiceClass|ExternalOrShared
cdMessageDispatcher|cm|ServiceClass|ExternalOrShared
cdMissingTime|m_ResourceMgr|ServiceClass|ExternalOrShared
cdMissingTime|oADOHelper|ServiceClass|ExternalOrShared
cdMissingTime|NewExecuteSQLWithConnection|ServiceClass|ExternalOrShared
cdOTBanks|SESSION|ServiceClass|ExternalOrShared
cdOTCanvass|m_ResourceMgr|ServiceClass|ExternalOrShared
cdOTCanvass|oADOHelper|ServiceClass|ExternalOrShared
cdOTCanvass|l_objCM|ServiceClass|ExternalOrShared
cdOTCanvass|l_objSQLBuilder|ServiceClass|ExternalOrShared
cdOTCanvass|AMBIG::DateAsEnclosedString|ServiceClass|ExternalOrShared
cdOTCanvass|AMBIG::SinqleQuotedString|ServiceClass|ExternalOrShared
cdOTGroup|mADOExtensions|ServiceClass|ExternalOrShared
cdOTGroup|lobjUtility|ServiceClass|ExternalOrShared
cdOvertimeEqualizer|l_objCM|ServiceClass|ExternalOrShared
cdPeopleSoft|datahub|ServiceClass|ExternalOrShared
cdEffectiveDateRules|l_objCM|ServiceClass|ExternalOrShared
cdEffectiveDateRules|AMBIG::BuildWhereClause|ServiceClass|ExternalOrShared
cdEffectiveDateRules|AMBIG::GroupSupportsLoadRecord|ServiceClass|ExternalOrShared
cdEffectiveDateRules|AMBIG::IsLazyInitialized|ServiceClass|ExternalOrShared
cdEffectiveDateRules|AMBIG::OneRowForEachKey|ServiceClass|ExternalOrShared
cdEffectiveDateRules|recCache|ServiceClass|ExternalOrShared
cdEffectiveDateRules|mdbRules|ServiceClass|ExternalOrShared
cdRules|o|ServiceClass|ExternalOrShared
cdRules|AMBIG::GroupSupportsLoadRecord|ServiceClass|ExternalOrShared
cdRules|AMBIG::IsLazyInitialized|ServiceClass|ExternalOrShared
cdRules|AMBIG::OneRowForEachKey|ServiceClass|ExternalOrShared
cdRules|recCache|ServiceClass|ExternalOrShared
cdRules|l_objCM|ServiceClass|ExternalOrShared
cdRules|AMBIG::BuildWhereClause|ServiceClass|ExternalOrShared
mdbRules|IIf|ExternalOrShared|ExternalOrShared
cdSchedChgPay|l_objCM|ServiceClass|ExternalOrShared
cdSchedChgPay|AMBIG::dbFormat|ServiceClass|ExternalOrShared
cdSchedChgPayTrans|Join|ServiceClass|ExternalOrShared
cdSchedChgPayTrans|cm|ServiceClass|ExternalOrShared
cdSchedCodeMaint|l_objCN|ServiceClass|ExternalOrShared
cdSchedCodeMaint|l_objutilDBDataServices|ServiceClass|ExternalOrShared
cdSchedCodeMaint|l_objCM|ServiceClass|ExternalOrShared
cdSchedDemand|l_objCM|ServiceClass|ExternalOrShared
cdSchedDemandTrans|Join|ServiceClass|ExternalOrShared
cdSchedDemandTrans|cm|ServiceClass|ExternalOrShared
cdSchedException|l_objCodeTables|ServiceClass|ExternalOrShared
cdSchedException|l_objCM|ServiceClass|ExternalOrShared
cdSchedException|lobjCM|ServiceClass|ExternalOrShared
cdSchedException|cuSQLBuilder|ServiceClass|ServiceClass
cdSchedException|mADOExtensions|ServiceClass|ExternalOrShared
cdSchedPersonal|l_objCM|ServiceClass|ExternalOrShared
cdSchedPersonal|cn|ServiceClass|ExternalOrShared
cdSchedRotation|l_objCM|ServiceClass|ExternalOrShared
cdSchedRotation|cn|ServiceClass|ExternalOrShared
cdSchedTrade|l_objCM|ServiceClass|ExternalOrShared
cdSchedTrade|Join|ServiceClass|ExternalOrShared
cdSchedule|l_objCM|ServiceClass|ExternalOrShared
cdBuiltDataScope|GetObjectContext|ServiceClass|ExternalOrShared
cdDataScope|SESSION|ServiceClass|ExternalOrShared
cdDataScope|stdmTRISCommon|ServiceClass|ExternalOrShared
cdLevelMaintenance|stdmTRISCommon|ServiceClass|ExternalOrShared
cdLevelMaintenance|l_objUtility|ServiceClass|ExternalOrShared
mdbSecurity|oFS|ExternalOrShared|ExternalOrShared
cdTimeCard|l_objCM|ServiceClass|ExternalOrShared
cdTimeCard|l_objCodeTables|ServiceClass|ExternalOrShared
cdTimeCard|cuSQLBuilder|ServiceClass|ServiceClass
cdWorkGroup|l_objCM|ServiceClass|ExternalOrShared
cdWorkGroup|mADOExtensions|ServiceClass|ExternalOrShared
cdWorkGroup|l_objCodeTables|ServiceClass|ExternalOrShared
cdWorkGroup|AMBIG::GroupSupportsLoadRecord|ServiceClass|ExternalOrShared
cdWorkGroup|AMBIG::IsLazyInitialized|ServiceClass|ExternalOrShared
cdWorkGroup|AMBIG::OneRowForEachKey|ServiceClass|ExternalOrShared
cdWorkGroup|recCache|ServiceClass|ExternalOrShared
cdWorkGroup|l_objCMD|ServiceClass|ExternalOrShared
cdWorkGroup|m_ResourceMgr|ServiceClass|ExternalOrShared
cdWorkGroup|oADOHelper|ServiceClass|ExternalOrShared
cdWorkGroup|dbEnv|ServiceClass|DataAccess
cdWorkGroupTrans|AMBIG::RecordsExist|ServiceClass|ExternalOrShared
cdWorkGroupTrans|l_objCM|ServiceClass|ExternalOrShared
cdWorkGroupTrans|str|ServiceClass|ExternalOrShared
rptActualTimeHistory|Now|Reporting|ExternalOrShared
rptActualTimeHistory|rptMain|Reporting|Reporting
rptActualTimeHistory|rptSubReport1|Reporting|Reporting
rptActualTimeHistory|rptSubReport2|Reporting|Reporting
rptActualTimeHistory|l_obj|Reporting|ExternalOrShared
rptActualTimeHistory|l_objAdj|Reporting|ExternalOrShared
rptActualTimeHistory|l_objWorkgroup|Reporting|ExternalOrShared
rptActualTimeHistory|l_objEmployee|Reporting|ExternalOrShared
rptDailyRoster|lobjWorkGroup|Reporting|ExternalOrShared
rptDailyRoster|marrRequestDate|Reporting|ExternalOrShared
rptDailyRoster|mADOExtensions|Reporting|ExternalOrShared
rptDailyRoster|lobjDepartment|Reporting|ExternalOrShared
rptDailyRoster|lobjEmployee|Reporting|ExternalOrShared
rptDailyRoster|lobjbusEmployee|Reporting|ExternalOrShared
rptDailyRoster|marrDepartments|Reporting|ExternalOrShared
rptDailyRoster|marrEmployees|Reporting|ExternalOrShared
rptDailyRoster|rptMain|Reporting|Reporting
rptDailyRoster|lobjWG|Reporting|ExternalOrShared
rptDailyRoster|mobjRules|Reporting|ExternalOrShared
rptDailyRoster|mobjCodeTables|Reporting|ExternalOrShared
rptDailyRoster|mobjEmployee|Reporting|ExternalOrShared
rptDailyRoster|mobjTimeCard|Reporting|ExternalOrShared
rptDailyRoster|marrWorkGroups|Reporting|ExternalOrShared
rptException|l_objSchedException|Reporting|ExternalOrShared
rptException|l_objAccrualBankMgr|Reporting|ExternalOrShared
rptException|rptMain|Reporting|Reporting
rptException|l_objWorkgroup|Reporting|ExternalOrShared
rptException|Now|Reporting|ExternalOrShared
rptException|rptSubReport1|Reporting|Reporting
rptException|rptSubReport2|Reporting|Reporting
rptException|rptSubReport3|Reporting|Reporting
rptWorkGroupSchedule|lobjJobInfo|Reporting|ExternalOrShared
rptWorkGroupSchedule|mADOExtensions|Reporting|ExternalOrShared
rptWorkGroupSchedule|lobjSched|Reporting|ExternalOrShared
rptWorkGroupSchedule|lobj|Reporting|ExternalOrShared
rptWorkGroupSchedule|lobjWG|Reporting|ExternalOrShared
rptWorkGroupSchedule|rptMain|Reporting|Reporting
rptWorkGroupSchedule|mobjRules|Reporting|ExternalOrShared
rptWorkGroupSchedule|AMBIG::GetJobDesc|Reporting|ExternalOrShared
rptWorkGroupSchedule|mobjEmployee|Reporting|ExternalOrShared
rptWorkGroupSchedule|lobjOT|Reporting|ExternalOrShared
rptWorkGroupSchedule|marrExcepCount|Reporting|ExternalOrShared
rptWorkGroupSchedule|marrRlfExcepCount|Reporting|ExternalOrShared
rptWorkGroupSchedule|Mid|Reporting|ExternalOrShared
cuADO|m_ADOCommand|ServiceClass|ExternalOrShared
cuADOHelper|ADO|ServiceClass|ExternalOrShared
cuADOHelperTrans|ADO|ServiceClass|ExternalOrShared
cuResourceMgr|oSPMWrapper|ServiceClass|ExternalOrShared
cuResourceMgr|oFS|ServiceClass|ExternalOrShared
cuResourceMgr|oFile|ServiceClass|ExternalOrShared
cuResourceMgr|oStream|ServiceClass|ExternalOrShared
cuResourceMgr|OutputStream|ServiceClass|ExternalOrShared
cuClientInfo|objChassis|ServiceClass|ExternalOrShared
cuClientInfo|objWMIService|ServiceClass|ExternalOrShared
cuClientInfo|objWMI|ServiceClass|ExternalOrShared
CExRecordset|l_objCommonLib|ExternalOrShared|ExternalOrShared
cuSQLBuilder|r_cexRecordset|ServiceClass|ExternalOrShared
cuSQLBuilder|l_cexField|ServiceClass|ExternalOrShared
cuDBDataServices|l_objCM|ServiceClass|ExternalOrShared
cuDBDataServicesNonTran|l_objCM|ServiceClass|ExternalOrShared
cuLockManager|cm|ServiceClass|ExternalOrShared
cuRecordCache|spmWrapper|ServiceClass|ExternalOrShared
cuRecordCache|oServerInfo|ServiceClass|ExternalOrShared
cuRecordCache|r_objCaller|ServiceClass|ExternalOrShared
cuRecordCache|r_rsRecords|ServiceClass|ExternalOrShared
cuRegistryAccess|RegCloseKey|ServiceClass|ExternalOrShared
cuRegistryAccess|RegQueryInfoKey|ServiceClass|ExternalOrShared
cuServerInfo|Time|ServiceClass|ExternalOrShared
cuServerInfo|objWMI|ServiceClass|ExternalOrShared
cuServerInfo|SWbemLocator|ServiceClass|ExternalOrShared
cuServerInfo|SWbemServices|ServiceClass|ExternalOrShared
cuServerInfo|AMBIG::GroupSupportsLoadRecord|ServiceClass|ExternalOrShared
cuServerInfo|AMBIG::IsLazyInitialized|ServiceClass|ExternalOrShared
cuServerInfo|AMBIG::OneRowForEachKey|ServiceClass|ExternalOrShared
cuServerInfo|recCache|ServiceClass|ExternalOrShared
cuServerInfo|lobjCodeTables|ServiceClass|ExternalOrShared
cuServerInfo|lobjDBConnectMgr|ServiceClass|ExternalOrShared
cuServerInfo|lobjDistMgr|ServiceClass|ExternalOrShared
cuServerInfo|oApplication|ServiceClass|ExternalOrShared
cuServerInfo|oCatalog|ServiceClass|ExternalOrShared
cuServerInfo|oFS|ServiceClass|ExternalOrShared
cuSPMCache|cuContainer|ServiceClass|ServiceClass
cuSPMCache|spg|ServiceClass|ExternalOrShared
cuSPMCache|spgm|ServiceClass|ExternalOrShared
cuSPMCache|cuSPMCache|ServiceClass|ServiceClass
cuSPMCache|CreateObject|ServiceClass|ExternalOrShared
cuSPMCache|r_spg|ServiceClass|ExternalOrShared
util_DBConnectMgr|ral|Utility|ExternalOrShared
util_DBConnectMgr|DescArgsFrom|Utility|ExternalOrShared
util_DBConnectMgr|util_DBConnectMgr|Utility|Utility
util_TrisErrLog|util_TrisErrLog|Utility|Utility
util_TrisErrLog|lFileFSO|Utility|ExternalOrShared
util_TrisErrLog|App|Utility|ExternalOrShared
util_TrisErrLog|objRegAccess|Utility|ExternalOrShared
